7191,1.0,0.0,0.0,0.5882352941176471,0.5593220338983051,-0.34653319640820907,2.0,0,0.37902627446343296,1.0,0
4591,1.0,0.0,0.0,0.2941176470588235,0.30508474576271194,2.6564508116515175,0.0,0,-0.9189622464923778,0.0,1
14388,0.0,1.0,0.0,0.7058823529411765,0.6864406779661016,-0.34653319640820907,2.0,1,1.16998802942088,1.0,0
13727,0.0,0.0,0.0,0.6470588235294118,0.6355932203389831,-0.34653319640820907,2.0,0,0.013967002944611171,1.0,0
16108,0.0,0.0,0.0,0.8823529411764705,0.8983050847457628,-0.34653319640820907,1.0,0,-0.5032002983737197,1.0,0
2754,1.0,0.0,0.0,0.9999999999999999,0.9745762711864407,-0.34653319640820907,0.0,0,-1.0812108116118542,0.0,1
9555,0.0,0.0,1.0,0.7058823529411765,0.7118644067796611,-0.34653319640820907,2.0,0,0.15593449742415297,1.0,0
9029,0.0,0.0,0.0,0.11764705882352944,0.11864406779661019,-0.34653319640820907,2.0,0,-0.40179494517404696,1.0,0
5406,0.0,1.0,0.0,0.2941176470588235,0.30508474576271194,-0.34653319640820907,2.0,0,0.0748102148644148,1.0,0
5912,1.0,0.0,0.0,0.4117647058823529,0.3813559322033898,-0.34653319640820907,1.0,0,-0.6350272575332941,1.0,0
9001,0.0,0.0,0.0,0.823529411764706,0.8220338983050848,-0.34653319640820907,2.0,0,0.16607503274412025,1.0,0
12681,0.0,1.0,0.0,0.2941176470588235,0.2627118644067796,-0.34653319640820907,2.0,0,-0.06715727961512699,1.0,0
4804,1.0,0.0,0.0,0.6470588235294118,0.6610169491525424,-0.34653319640820907,0.0,0,-0.9493838524522796,0.0,1
13062,0.0,0.0,0.0,0.17647058823529405,0.1694915254237288,-0.34653319640820907,2.0,0,0.19649663870402206,1.0,0
2754,1.0,0.0,0.0,0.823529411764706,0.8220338983050848,-0.34653319640820907,0.0,0,-1.0812108116118542,0.0,1
13587,0.0,0.0,0.0,0.7647058823529412,0.7796610169491525,-0.34653319640820907,2.0,0,0.3181830625436293,1.0,0
7229,0.0,1.0,0.0,0.2941176470588235,0.30508474576271194,3.1921513874940493,0.0,0,-0.9088217111724105,0.0,1
12121,0.0,1.0,0.0,0.5294117647058824,0.5169491525423728,-0.34653319640820907,2.0,0,0.5007126983030402,1.0,0
3841,0.0,0.0,1.0,0.9411764705882352,0.923728813559322,-0.34653319640820907,0.0,0,-0.9798054584121814,0.0,1
4812,0.0,0.0,1.0,0.9999999999999999,0.9745762711864407,-0.34653319640820907,1.0,0,-0.7161515400930324,1.0,0
5073,1.0,0.0,0.0,0.2941176470588235,0.2627118644067796,-0.34653319640820907,1.0,0,-0.7060110047730651,1.0,0
12384,0.0,1.0,0.0,0.5882352941176471,0.5593220338983051,-0.34653319640820907,2.0,0,-0.2395463800545706,1.0,0
11622,0.0,0.0,0.0,0.17647058823529405,0.1694915254237288,-0.34653319640820907,2.0,0,-0.3713733392141451,1.0,0
4423,0.0,0.0,1.0,0.8823529411764705,0.8728813559322035,-0.34653318208031225,0.0,0,-0.9392433171323123,0.0,1
4878,0.0,0.0,1.0,0.6470588235294118,0.6610169491525424,-0.34653319640820907,0.0,0,-0.9493838524522796,0.0,1
10844,0.0,1.0,0.0,0.823529411764706,0.847457627118644,-0.34653319640820907,2.0,1,1.7479985426590146,1.0,0
13152,0.0,0.0,1.0,0.17647058823529405,0.19491525423728817,-0.34653319640820907,2.0,0,0.3486046685035311,1.0,0
10953,0.0,1.0,0.0,0.5882352941176471,0.5593220338983051,-0.34653319640820907,2.0,1,1.6770147954192436,1.0,0
13067,0.0,1.0,0.0,0.6470588235294118,0.6355932203389831,-0.34653319640820907,2.0,0,-0.0975788855750288,1.0,0
5162,0.0,0.0,1.0,0.8823529411764705,0.8728813559322035,-0.34653319640820907,1.0,0,-0.8175568932927051,1.0,0
9165,1.0,0.0,0.0,0.9999999999999999,0.9745762711864407,-0.34653319640820907,1.0,0,-0.6451677928532614,1.0,0
4462,1.0,0.0,0.0,0.17647058823529405,0.14406779661016955,-0.34653319640820907,0.0,0,-0.9493838524522796,0.0,1
8366,0.0,0.0,0.0,0.5294117647058824,0.5169491525423728,-0.34653319640820907,2.0,1,1.4742040890198982,1.0,0
4668,0.0,0.0,1.0,0.823529411764706,0.847457627118644,2.6564508116515175,0.0,0,-0.9189622464923778,0.0,1
7640,1.0,0.0,0.0,0.6470588235294118,0.6610169491525424,-0.34653319640820907,2.0,0,-0.2699679860144724,1.0,0
7229,0.0,1.0,0.0,0.823529411764706,0.847457627118644,2.6564508116515175,1.0,0,-0.8986811758524432,0.0,1
13587,0.0,0.0,0.0,0.7647058823529412,0.7796610169491525,-0.34653319640820907,2.0,0,0.19649663870402206,1.0,0
15129,0.0,1.0,0.0,0.6470588235294118,0.6610169491525424,-0.34653319640820907,2.0,1,1.5553283715796364,2.0,0
8892,0.0,0.0,0.0,0.23529411764705876,0.22033898305084743,-0.34653319640820907,2.0,1,0.9975989289814364,2.0,0
8018,0.0,0.0,0.0,0.5882352941176471,0.5847457627118644,-0.34653319640820907,2.0,0,-0.15842209749483244,1.0,0
13941,0.0,1.0,0.0,0.5882352941176471,0.5847457627118644,-0.34653319640820907,2.0,1,1.433641947740029,1.0,0
7354,0.0,0.0,0.0,0.823529411764706,0.7966101694915255,-0.34653319640820907,2.0,0,0.267480385943793,1.0,0
8040,0.0,1.0,0.0,0.9999999999999999,1.0,-0.34653319640820907,0.0,0,-1.0913513469318215,0.0,1
7229,0.0,1.0,0.0,0.5294117647058824,0.5169491525423728,2.6564508116515175,1.0,0,-0.8986811758524432,0.0,1
3943,1.0,0.0,0.0,0.823529411764706,0.847457627118644,2.6564508116515175,1.0,0,-0.8986811758524432,0.0,1
7662,0.0,0.0,0.0,0.7058823529411765,0.6864406779661016,-0.34653319640820907,2.0,1,1.8088417545788182,1.0,0
10844,0.0,1.0,0.0,0.7058823529411765,0.7118644067796611,-0.34653319640820907,2.0,1,1.1091448175010765,1.0,0
2017,0.0,0.0,1.0,0.2941176470588235,0.2796610169491526,-0.34653319640820907,0.0,0,-1.0812108116118542,0.0,1
2017,0.0,0.0,1.0,0.5882352941176471,0.6101694915254237,-0.34653319640820907,0.0,0,-1.0812108116118542,0.0,1
10262,0.0,1.0,0.0,0.9999999999999999,0.9745762711864407,-0.34653319640820907,2.0,0,0.06466967954444752,1.0,0
9646,0.0,0.0,0.0,0.8823529411764705,0.8728813559322035,-0.34653319640820907,2.0,0,-0.15842209749483244,1.0,0
8586,0.0,1.0,0.0,0.6470588235294118,0.6355932203389831,-0.34653319640820907,2.0,0,0.4500100217032038,1.0,0
5684,1.0,0.0,0.0,0.8823529411764705,0.8728813559322035,-0.34653319640820907,2.0,0,0.013967002944611171,1.0,0
14237,0.0,1.0,0.0,0.7647058823529412,0.7796610169491525,-0.34653319640820907,2.0,0,-0.04687620897519246,2.0,0
7563,0.0,0.0,0.0,0.05882352941176472,0.0423728813559322,-0.34653319640820907,2.0,0,-0.16856263281479972,1.0,0
3597,0.0,0.0,1.0,0.823529411764706,0.7966101694915255,-0.34653319640820907,0.0,0,-0.9899459937321486,0.0,1
8452,0.0,0.0,1.0,0.5294117647058824,0.5169491525423728,-0.34653319640820907,2.0,0,0.6933828693824183,1.0,0
8016,0.0,1.0,0.0,0.7647058823529412,0.7796610169491525,-0.34269066202582854,1.0,0,-0.888540640532476,0.0,1
8578,0.0,1.0,0.0,0.11764705882352944,0.11864406779661019,-0.34653319640820907,1.0,0,-0.6958704694530978,1.0,0
13941,0.0,1.0,0.0,0.6470588235294118,0.6355932203389831,-0.34653319640820907,2.0,0,0.22691824466392388,1.0,0
15284,0.0,0.0,0.0,0.05882352941176472,0.0423728813559322,-0.34653319640820907,2.0,0,-0.016454603015290642,1.0,0
10844,0.0,1.0,0.0,0.823529411764706,0.8220338983050848,-0.34653319640820907,2.0,1,1.575609442219571,1.0,0
7723,0.0,0.0,0.0,0.7647058823529412,0.7796610169491525,-0.34653319640820907,2.0,0,0.2573398506238257,1.0,0
9861,1.0,0.0,0.0,0.17647058823529405,0.1694915254237288,-0.34653319640820907,1.0,0,-0.553902974973556,1.0,0
12524,0.0,0.0,0.0,0.9999999999999999,0.9745762711864407,-0.34653319640820907,2.0,0,0.3181830625436293,1.0,0
2017,0.0,0.0,1.0,0.9411764705882352,0.923728813559322,-0.34653319640820907,0.0,0,-1.0812108116118542,0.0,1
12373,0.0,1.0,0.0,0.6470588235294118,0.6610169491525424,-0.34653319640820907,2.0,0,0.49057216298307293,1.0,0
4174,0.0,0.0,1.0,0.4117647058823529,0.3813559322033898,-0.34653319640820907,0.0,0,-0.9595243877722469,0.0,1
10262,0.0,1.0,0.0,0.823529411764706,0.8220338983050848,-0.34653319640820907,2.0,1,1.1902691000608145,1.0,0
11467,0.0,1.0,0.0,0.7058823529411765,0.6864406779661016,-0.34653319640820907,2.0,1,0.9266151817416656,1.0,0
6857,0.0,0.0,1.0,0.823529411764706,0.847457627118644,-0.34653319640820907,1.0,0,-0.8175568932927051,1.0,0
12373,0.0,1.0,0.0,0.5882352941176471,0.5847457627118644,-0.34653319640820907,2.0,1,1.83926336053872,1.0,0
6069,1.0,0.0,0.0,0.8823529411764705,0.8728813559322035,-0.34653319640820907,1.0,0,-0.6553083281732287,1.0,0
3210,0.0,1.0,0.0,0.5882352941176471,0.5593220338983051,-0.34653319640820907,0.0,0,-1.0913513469318215,0.0,1
7480,0.0,0.0,0.0,0.7058823529411765,0.6864406779661016,-0.34653319640820907,2.0,1,2.062355137578,1.0,0
15603,0.0,0.0,0.0,0.0,0.016949152542372947,-0.34653319640820907,2.0,0,0.4398694863832366,1.0,0
5048,0.0,0.0,1.0,0.7647058823529412,0.7796610169491525,3.1921513874940493,0.0,0,-0.9088217111724105,0.0,1
4804,1.0,0.0,0.0,0.5882352941176471,0.5847457627118644,-0.34269066202582854,0.0,0,-0.9291027818123451,0.0,1
9314,0.0,1.0,0.0,0.5294117647058824,0.5169491525423728,-0.34653319640820907,2.0,1,1.7784201486189164,1.0,0
9564,0.0,1.0,0.0,0.5882352941176471,0.6101694915254237,-0.34653319640820907,1.0,0,-0.8682595698925414,0.0,1
10262,0.0,1.0,0.0,0.823529411764706,0.8220338983050848,-0.34653319640820907,2.0,1,1.920387643098458,1.0,0
5678,0.0,1.0,0.0,0.823529411764706,0.847457627118644,-0.34653319640820907,0.0,0,-1.0913513469318215,0.0,1
9103,0.0,0.0,0.0,0.7058823529411765,0.6864406779661016,-0.34653319640820907,2.0,0,-0.3409517332542433,1.0,0
4804,1.0,0.0,0.0,0.823529411764706,0.7966101694915255,-0.34653319640820907,0.0,0,-0.9595243877722469,0.0,1
14388,0.0,1.0,0.0,0.6470588235294118,0.6610169491525424,-0.34653319640820907,2.0,1,1.7682796132989491,1.0,0
7229,0.0,1.0,0.0,0.4117647058823529,0.43220338983050854,2.6564508116515175,1.0,0,-0.8986811758524432,0.0,1
6152,0.0,0.0,1.0,0.9999999999999999,0.9745762711864407,-0.34653319640820907,2.0,0,0.5007126983030402,1.0,0
10844,0.0,1.0,0.0,0.7058823529411765,0.6864406779661016,-0.34653319640820907,2.0,1,1.9710903196982945,1.0,0
6383,0.0,0.0,0.0,0.17647058823529405,0.1694915254237288,-0.34653319640820907,2.0,1,1.7581390779789818,1.0,0
7229,0.0,1.0,0.0,0.47058823529411764,0.4576271186440678,-0.34269066202582854,1.0,0,-0.888540640532476,0.0,1
9663,0.0,1.0,0.0,0.5882352941176471,0.5593220338983051,-0.34653319640820907,2.0,1,1.4032203417801272,1.0,0
3859,0.0,0.0,1.0,0.823529411764706,0.7966101694915255,-0.34653319640820907,0.0,0,-0.9899459937321486,0.0,1
5073,1.0,0.0,0.0,0.17647058823529405,0.1694915254237288,-0.34653319640820907,1.0,0,-0.7262920754129997,1.0,0
11038,0.0,0.0,0.0,0.05882352941176472,0.0423728813559322,-0.34653319640820907,2.0,0,0.5108532336230075,1.0,0
7215,0.0,0.0,0.0,0.17647058823529405,0.1694915254237288,-0.34653319640820907,2.0,0,0.034248073584545714,1.0,0
3175,1.0,0.0,0.0,0.8823529411764705,0.8728813559322035,-0.34653319640820907,0.0,0,-1.0812108116118542,0.0,1
13014,0.0,1.0,0.0,0.9999999999999999,1.0,-0.34653319640820907,2.0,1,2.0116524609781634,2.0,0
10262,0.0,1.0,0.0,0.9999999999999999,0.9745762711864407,-0.34653319640820907,1.0,0,-0.5336219043336214,1.0,0
12373,0.0,1.0,0.0,0.5882352941176471,0.5847457627118644,-0.34653319640820907,2.0,0,-0.006314067695323371,1.0,0
5228,0.0,0.0,0.0,0.5882352941176471,0.6101694915254237,-0.34269066202582854,0.0,0,-0.9291027818123451,0.0,1
10208,0.0,0.0,0.0,0.11764705882352944,0.09322033898305082,-0.34653319640820907,2.0,0,0.37902627446343296,1.0,0
10944,0.0,0.0,1.0,0.6470588235294118,0.6610169491525424,-0.34653319640820907,2.0,0,-0.3815138745341124,1.0,0
3384,0.0,0.0,1.0,0.23529411764705876,0.22033898305084743,-0.34653319640820907,0.0,0,-0.9798054584121814,0.0,1
3919,0.0,0.0,1.0,0.4117647058823529,0.3813559322033898,3.1921513874940493,0.0,0,-0.9088217111724105,0.0,1
4098,0.0,0.0,1.0,0.2941176470588235,0.2796610169491526,-0.34653319640820907,1.0,0,-0.7161515400930324,1.0,0
4804,1.0,0.0,0.0,0.5882352941176471,0.5593220338983051,-0.34653319640820907,0.0,0,-0.9595243877722469,0.0,1
7480,0.0,0.0,0.0,0.7058823529411765,0.6864406779661016,-0.34653319640820907,2.0,0,0.6933828693824183,1.0,0
3540,1.0,0.0,0.0,0.823529411764706,0.8220338983050848,-0.34653319640820907,0.0,0,-0.9696649230922141,0.0,1
7229,0.0,1.0,0.0,0.5882352941176471,0.5847457627118644,3.1921513874940493,0.0,0,-0.9088217111724105,0.0,1
9064,0.0,0.0,0.0,0.05882352941176472,0.06779661016949157,-0.34653319640820907,1.0,0,-0.6248867222133269,1.0,0
5636,1.0,0.0,0.0,0.47058823529411764,0.4576271186440678,-0.34653319640820907,1.0,0,-0.6046056515733924,1.0,0
3625,0.0,0.0,1.0,0.9411764705882352,0.9491525423728813,2.6564508116515175,0.0,0,-0.9189622464923778,0.0,1
15544,0.0,1.0,0.0,0.7647058823529412,0.7372881355932204,-0.34653319640820907,2.0,0,-0.40179494517404696,2.0,0
5678,0.0,1.0,0.0,0.823529411764706,0.8220338983050848,-0.34653319640820907,0.0,0,-1.0913513469318215,0.0,1
13941,0.0,1.0,0.0,0.6470588235294118,0.6355932203389831,-0.34653319640820907,2.0,0,-0.40179494517404696,1.0,0
5198,0.0,1.0,0.0,0.4117647058823529,0.43220338983050854,2.6564508116515175,1.0,0,-0.8986811758524432,0.0,1
10676,0.0,0.0,0.0,0.5882352941176471,0.6101694915254237,-0.34653319640820907,2.0,1,2.447695479736756,2.0,0
12854,0.0,0.0,0.0,0.11764705882352944,0.09322033898305082,-0.34653319640820907,2.0,1,2.3767117324969855,2.0,0
16809,0.0,1.0,0.0,0.05882352941176472,0.0423728813559322,-0.34653319640820907,2.0,1,2.7823331452956763,2.0,0
10697,0.0,0.0,0.0,0.823529411764706,0.8220338983050848,-0.34653319640820907,2.0,0,-0.026595138335257913,2.0,0
16079,0.0,1.0,0.0,0.7058823529411765,0.6864406779661016,-0.34653319640820907,2.0,1,2.143479420137738,1.0,0
6297,1.0,0.0,0.0,0.05882352941176472,0.06779661016949157,-0.34653319640820907,0.0,0,-0.9899459937321486,0.0,1
8355,0.0,1.0,0.0,0.8823529411764705,0.8728813559322035,-0.34653319640820907,2.0,0,-0.3815138745341124,1.0,0
5636,1.0,0.0,0.0,0.7647058823529412,0.7372881355932204,-0.34653319640820907,1.0,0,-0.6248867222133269,1.0,0
8610,0.0,0.0,1.0,0.5294117647058824,0.5169491525423728,-0.34653319640820907,2.0,1,1.879825501818589,1.0,0
7229,0.0,1.0,0.0,0.6470588235294118,0.6355932203389831,-0.34269066202582854,1.0,0,-0.888540640532476,0.0,1
5198,0.0,1.0,0.0,0.5882352941176471,0.5593220338983051,-0.34269066202582854,0.0,0,-0.9291027818123451,0.0,1
7155,0.0,0.0,0.0,0.9999999999999999,1.0,-0.34653319640820907,2.0,0,-0.3105301272943415,1.0,0
7757,0.0,1.0,0.0,0.823529411764706,0.8220338983050848,-0.34653319640820907,2.0,0,-0.07729781493509427,1.0,0
12692,0.0,1.0,0.0,0.823529411764706,0.8220338983050848,-0.34653319640820907,2.0,1,0.7745071519421565,1.0,0
10203,0.0,0.0,0.0,0.823529411764706,0.847457627118644,-0.34653319640820907,2.0,1,1.6465931894593417,1.0,0
25735,0.0,1.0,0.0,0.0,0.0,-0.34653319640820907,2.0,1,0.865771969821862,1.0,0
11841,0.0,1.0,0.0,0.5882352941176471,0.5593220338983051,-0.34653319640820907,2.0,0,-0.40179494517404696,1.0,0
9483,0.0,1.0,0.0,0.3529411764705882,0.3305084745762712,-0.34653319640820907,2.0,0,0.37902627446343296,2.0,0
9663,0.0,1.0,0.0,0.7058823529411765,0.7118644067796611,-0.34653319640820907,2.0,1,2.001511925658196,1.0,0
12242,0.0,1.0,0.0,0.23529411764705876,0.22033898305084743,-0.34653319640820907,2.0,0,0.754226081302222,1.0,0
3597,0.0,0.0,1.0,0.5882352941176471,0.6101694915254237,-0.34653319640820907,0.0,0,-0.9798054584121814,0.0,1
13377,0.0,0.0,0.0,0.9999999999999999,1.0,-0.34653319640820907,2.0,0,-0.290249056654407,1.0,0
11410,0.0,0.0,1.0,0.823529411764706,0.8220338983050848,-0.34653319640820907,1.0,0,-0.5741840456134906,1.0,0
12373,0.0,1.0,0.0,0.5882352941176471,0.5847457627118644,-0.34653319640820907,2.0,1,0.9671773230215347,1.0,0
10539,0.0,1.0,0.0,0.823529411764706,0.8220338983050848,-0.34653319640820907,2.0,0,0.5007126983030402,1.0,0
4804,1.0,0.0,0.0,0.7058823529411765,0.7118644067796611,-0.34269066202582854,0.0,0,-0.9291027818123451,0.0,1
2754,1.0,0.0,0.0,0.8823529411764705,0.8983050847457628,-0.34653319640820907,0.0,0,-1.0812108116118542,0.0,1
8586,0.0,1.0,0.0,0.5882352941176471,0.6101694915254237,-0.34653319640820907,2.0,0,0.3587452038234984,1.0,0
10844,0.0,1.0,0.0,0.5294117647058824,0.5169491525423728,-0.34653319640820907,2.0,0,-0.3510922685742106,1.0,0
15129,0.0,1.0,0.0,0.7647058823529412,0.7372881355932204,-0.34653319640820907,2.0,1,1.017879999621371,2.0,0
6316,1.0,0.0,0.0,0.8823529411764705,0.8728813559322035,-0.34653319640820907,2.0,0,-0.10771942089499609,1.0,0
9736,0.0,0.0,0.0,0.823529411764706,0.7966101694915255,-0.34653319640820907,2.0,0,0.3486046685035311,1.0,0
11913,0.0,0.0,1.0,0.17647058823529405,0.19491525423728817,-0.34653319640820907,0.0,0,-0.9493838524522796,0.0,1
5678,0.0,1.0,0.0,0.5294117647058824,0.5169491525423728,-0.34653319640820907,0.0,0,-1.0812108116118542,0.0,1
12192,0.0,0.0,0.0,0.8823529411764705,0.8983050847457628,-0.34653319640820907,2.0,0,0.0748102148644148,1.0,0
7229,0.0,1.0,0.0,0.05882352941176472,0.06779661016949157,-0.34653318208031225,0.0,0,-0.9392433171323123,0.0,1
5198,0.0,1.0,0.0,0.6470588235294118,0.6610169491525424,3.1921513874940493,0.0,0,-0.9088217111724105,0.0,1
4804,1.0,0.0,0.0,0.9999999999999999,1.0,-0.34269066202582854,0.0,0,-0.9291027818123451,0.0,1
5276,1.0,0.0,0.0,0.823529411764706,0.847457627118644,-0.34653319640820907,1.0,0,-0.8175568932927051,1.0,0
3480,1.0,0.0,0.0,0.47058823529411764,0.4576271186440678,-0.34653319640820907,1.0,0,-0.7262920754129997,1.0,0
13817,0.0,1.0,0.0,0.11764705882352944,0.09322033898305082,-0.34653319640820907,2.0,0,0.3181830625436293,1.0,0
10203,0.0,0.0,0.0,0.5882352941176471,0.6101694915254237,-0.34653319640820907,2.0,0,0.3486046685035311,1.0,0
11087,0.0,1.0,0.0,0.11764705882352944,0.09322033898305082,-0.34653319640820907,2.0,1,1.39307980646016,1.0,0
7354,0.0,0.0,0.0,0.823529411764706,0.8220338983050848,-0.34653319640820907,2.0,0,0.267480385943793,1.0,0
8372,0.0,0.0,0.0,0.9999999999999999,1.0,-0.34653319640820907,2.0,0,-0.016454603015290642,1.0,0
14151,0.0,1.0,0.0,0.823529411764706,0.847457627118644,-0.34653319640820907,2.0,1,1.3423771298603238,1.0,0
4804,1.0,0.0,0.0,0.823529411764706,0.8220338983050848,-0.34653319640820907,0.0,0,-0.9493838524522796,0.0,1
3383,0.0,0.0,1.0,0.2941176470588235,0.30508474576271194,-0.34269066202582854,0.0,0,-0.9291027818123451,0.0,1
7670,0.0,0.0,0.0,0.6470588235294118,0.6610169491525424,-0.34653319640820907,2.0,0,0.034248073584545714,1.0,0
10703,0.0,0.0,0.0,0.17647058823529405,0.1694915254237288,-0.34653319640820907,2.0,1,2.4983981563365925,2.0,0
5176,0.0,0.0,0.0,0.2941176470588235,0.2796610169491526,-0.34269066202582854,0.0,0,-0.9291027818123451,0.0,1
7295,1.0,0.0,0.0,0.17647058823529405,0.19491525423728817,-0.34653319640820907,0.0,0,-0.9798054584121814,0.0,1
7832,0.0,1.0,0.0,0.17647058823529405,0.19491525423728817,-0.34653319640820907,2.0,0,0.3688857391434657,1.0,0
9899,0.0,1.0,0.0,0.8823529411764705,0.8728813559322035,-0.34653319640820907,1.0,0,-0.5234813690136542,1.0,0
8016,0.0,1.0,0.0,0.9411764705882352,0.9491525423728813,2.6564508116515175,1.0,0,-0.8986811758524432,0.0,1
5403,0.0,0.0,1.0,0.2941176470588235,0.2796610169491526,2.6564508116515175,0.0,0,-0.9189622464923778,0.0,1
13899,0.0,0.0,0.0,0.5294117647058824,0.5169491525423728,-0.34653319640820907,2.0,1,1.0990042821811092,2.0,0
12723,0.0,0.0,0.0,0.6470588235294118,0.6355932203389831,-0.34653319640820907,2.0,1,2.031933531618098,2.0,0
3100,0.0,0.0,0.0,0.9411764705882352,0.923728813559322,-0.34653319640820907,0.0,0,-1.0913513469318215,0.0,1
13377,0.0,0.0,0.0,0.7647058823529412,0.7372881355932204,-0.34653319640820907,2.0,0,-0.290249056654407,1.0,0
6834,1.0,0.0,0.0,0.6470588235294118,0.6355932203389831,-0.34653319640820907,1.0,0,-0.8682595698925414,0.0,1
4823,1.0,0.0,0.0,0.9999999999999999,1.0,2.6564508116515175,0.0,0,-0.9189622464923778,0.0,1
5699,1.0,0.0,0.0,0.5882352941176471,0.5593220338983051,-0.34653319640820907,1.0,0,-0.6958704694530978,1.0,0
13014,0.0,1.0,0.0,0.9999999999999999,0.9745762711864407,-0.34653319640820907,2.0,1,1.5249067656197346,2.0,0
11087,0.0,1.0,0.0,0.0,0.016949152542372947,-0.34653319640820907,2.0,1,1.575609442219571,1.0,0
3850,1.0,0.0,0.0,0.5882352941176471,0.5847457627118644,-0.34653319640820907,0.0,0,-0.9798054584121814,0.0,1
13442,0.0,0.0,0.0,0.0,0.016949152542372947,-0.34653319640820907,2.0,1,1.9001065724585235,2.0,0
13029,0.0,1.0,0.0,0.7058823529411765,0.6864406779661016,-0.34653319640820907,2.0,0,-0.17870316813476697,2.0,0
5601,1.0,0.0,0.0,0.8823529411764705,0.8728813559322035,-0.34653319640820907,1.0,0,-0.8682595698925414,0.0,1
13143,0.0,0.0,0.0,0.7058823529411765,0.6864406779661016,-0.34653319640820907,2.0,1,0.8556314345018947,2.0,0
13377,0.0,0.0,0.0,0.7647058823529412,0.7796610169491525,-0.34653319640820907,2.0,0,0.2573398506238257,1.0,0
6860,1.0,0.0,0.0,0.0,0.016949152542372947,3.1921513874940493,0.0,0,-0.9088217111724105,0.0,1
6934,0.0,0.0,0.0,0.7058823529411765,0.7118644067796611,2.6564508116515175,1.0,0,-0.8986811758524432,0.0,1
12395,0.0,0.0,1.0,0.05882352941176472,0.0423728813559322,-0.34653319640820907,2.0,1,1.1497069587809456,1.0,0
15292,0.0,0.0,0.0,0.17647058823529405,0.19491525423728817,-0.34653319640820907,2.0,1,2.7924736806156436,2.0,0
12373,0.0,1.0,0.0,0.5882352941176471,0.5847457627118644,-0.34653319640820907,2.0,1,1.1902691000608145,1.0,0
6938,1.0,0.0,0.0,0.823529411764706,0.8220338983050848,-0.34653319640820907,2.0,0,-0.2699679860144724,1.0,0
3419,1.0,0.0,0.0,0.6470588235294118,0.6355932203389831,3.1921513874940493,0.0,0,-0.9088217111724105,0.0,1
8040,0.0,1.0,0.0,0.7058823529411765,0.7118644067796611,-0.34653319640820907,0.0,0,-1.0913513469318215,0.0,1
3841,0.0,0.0,1.0,0.7058823529411765,0.6864406779661016,-0.34653319640820907,0.0,0,-0.9493838524522796,0.0,1
5932,0.0,0.0,0.0,0.11764705882352944,0.11864406779661019,-0.34653319640820907,2.0,1,1.3018149885804546,1.0,0
7229,0.0,1.0,0.0,0.6470588235294118,0.6610169491525424,2.6564508116515175,1.0,0,-0.8986811758524432,0.0,1
4668,0.0,0.0,1.0,0.9999999999999999,0.9745762711864407,2.6564508116515175,0.0,0,-0.9189622464923778,0.0,1
13014,0.0,1.0,0.0,0.823529411764706,0.847457627118644,-0.34653319640820907,2.0,0,-0.17870316813476697,2.0,0
5201,0.0,0.0,0.0,0.9999999999999999,0.9745762711864407,-0.34269066202582854,1.0,0,-0.888540640532476,0.0,1
11432,0.0,0.0,0.0,0.823529411764706,0.8220338983050848,-0.34653319640820907,2.0,0,0.2877614565837275,2.0,0
7064,0.0,1.0,0.0,0.2941176470588235,0.2627118644067796,-0.34653319640820907,2.0,0,0.16607503274412025,1.0,0
11213,0.0,0.0,0.0,0.0,0.0,-0.34653319640820907,2.0,0,0.06466967954444752,2.0,0
4544,0.0,1.0,0.0,0.2941176470588235,0.2796610169491526,3.1921513874940493,0.0,0,-0.9088217111724105,0.0,1
3943,1.0,0.0,0.0,0.5882352941176471,0.5593220338983051,2.6564508116515175,0.0,0,-0.9189622464923778,0.0,1
9134,0.0,1.0,0.0,0.11764705882352944,0.11864406779661019,-0.34653319640820907,2.0,0,-0.3510922685742106,1.0,0
10203,0.0,0.0,0.0,0.5882352941176471,0.5593220338983051,-0.34653319640820907,2.0,0,0.6122585868226802,1.0,0
3597,0.0,0.0,1.0,0.5294117647058824,0.5169491525423728,-0.34653319640820907,0.0,0,-0.9899459937321486,0.0,1
15554,0.0,1.0,0.0,0.6470588235294118,0.6610169491525424,-0.34653319640820907,2.0,1,1.1902691000608145,1.0,0
3873,0.0,0.0,1.0,0.8823529411764705,0.8983050847457628,-0.34653319640820907,0.0,0,-0.9595243877722469,0.0,1
14571,0.0,1.0,0.0,0.823529411764706,0.8220338983050848,-0.34653319640820907,2.0,0,-0.06715727961512699,1.0,0
4409,0.0,0.0,1.0,0.6470588235294118,0.6355932203389831,-0.34653319640820907,0.0,0,-0.9595243877722469,0.0,1
3858,1.0,0.0,0.0,0.7058823529411765,0.7118644067796611,-0.34653319640820907,0.0,0,-0.9798054584121814,0.0,1
5241,1.0,0.0,0.0,0.47058823529411764,0.4576271186440678,-0.34653319640820907,1.0,0,-0.5640435102935233,1.0,0
6152,0.0,0.0,1.0,0.9999999999999999,1.0,-0.34653319640820907,1.0,0,-0.5944651162534251,1.0,0
14237,0.0,1.0,0.0,0.823529411764706,0.847457627118644,-0.34653319640820907,2.0,1,0.9468962523816001,2.0,0
7174,0.0,0.0,0.0,0.4117647058823529,0.43220338983050854,-0.34653319640820907,2.0,1,1.9609497843783272,1.0,0
3687,0.0,0.0,1.0,0.8823529411764705,0.8728813559322035,-0.34653319640820907,0.0,0,-0.9899459937321486,0.0,1
5048,0.0,0.0,1.0,0.17647058823529405,0.19491525423728817,3.1921513874940493,0.0,0,-0.9088217111724105,0.0,1
10276,0.0,0.0,0.0,0.05882352941176472,0.0423728813559322,-0.34653319640820907,2.0,0,0.267480385943793,1.0,0
13029,0.0,1.0,0.0,0.7647058823529412,0.7372881355932204,-0.34653319640820907,2.0,0,0.37902627446343296,2.0,0
8844,0.0,0.0,1.0,0.5294117647058824,0.5169491525423728,-0.34653319640820907,1.0,0,-0.5944651162534251,1.0,0
6017,0.0,1.0,0.0,0.23529411764705876,0.22033898305084743,-0.34653319640820907,2.0,0,-0.3713733392141451,1.0,0
19595,0.0,1.0,0.0,0.05882352941176472,0.0423728813559322,-0.34653319640820907,2.0,1,1.1801285647408473,1.0,0
4174,1.0,0.0,0.0,0.2941176470588235,0.2627118644067796,-0.34653319640820907,0.0,0,-0.9493838524522796,0.0,1
6412,1.0,0.0,0.0,0.23529411764705876,0.22033898305084743,-0.34653319640820907,1.0,0,-0.5133408336936869,1.0,0
6171,1.0,0.0,0.0,0.23529411764705876,0.22033898305084743,-0.34653319640820907,2.0,0,-0.40179494517404696,1.0,0
3419,0.0,0.0,1.0,0.8823529411764705,0.8728813559322035,3.1921513874940493,0.0,0,-0.9088217111724105,0.0,1
7408,0.0,0.0,0.0,0.8823529411764705,0.8983050847457628,-0.34653319640820907,2.0,0,-0.3510922685742106,1.0,0
16079,0.0,1.0,0.0,0.7647058823529412,0.7372881355932204,-0.34653319640820907,2.0,0,-0.16856263281479972,1.0,0
6781,0.0,0.0,0.0,0.0,0.016949152542372947,-0.34653319640820907,2.0,1,1.72771747201908,1.0,0
12032,0.0,1.0,0.0,0.23529411764705876,0.22033898305084743,-0.34653319640820907,2.0,0,0.16607503274412025,1.0,0
4823,1.0,0.0,0.0,0.7647058823529412,0.7372881355932204,2.6564508116515175,0.0,0,-0.9189622464923778,0.0,1
6309,0.0,0.0,1.0,0.17647058823529405,0.19491525423728817,3.1921513874940493,0.0,0,-0.9088217111724105,0.0,1
4482,0.0,0.0,1.0,0.05882352941176472,0.06779661016949157,-0.34269066202582854,0.0,0,-0.9291027818123451,0.0,1
5636,1.0,0.0,0.0,0.4117647058823529,0.43220338983050854,-0.34653319640820907,1.0,0,-0.6046056515733924,1.0,0
4864,1.0,0.0,0.0,0.6470588235294118,0.6355932203389831,-0.34653319640820907,1.0,0,-0.5944651162534251,1.0,0
4668,0.0,0.0,1.0,0.7058823529411765,0.7118644067796611,-0.34653318208031225,0.0,0,-0.9392433171323123,0.0,1
10697,0.0,0.0,0.0,0.5882352941176471,0.5847457627118644,-0.34653319640820907,2.0,1,1.6060310481794728,2.0,0
13227,0.0,0.0,0.0,0.5294117647058824,0.5169491525423728,-0.34653319640820907,2.0,0,0.3688857391434657,2.0,0
13486,0.0,0.0,0.0,0.6470588235294118,0.6610169491525424,-0.34653319640820907,2.0,0,-0.24968691537453788,2.0,0
15129,0.0,1.0,0.0,0.5882352941176471,0.5847457627118644,-0.34653319640820907,2.0,1,1.5553283715796364,2.0,0
11467,0.0,1.0,0.0,0.5882352941176471,0.5847457627118644,-0.34653319640820907,2.0,1,1.3626582005002583,1.0,0
4462,1.0,0.0,0.0,0.17647058823529405,0.14406779661016955,-0.34269066202582854,0.0,0,-0.9291027818123451,0.0,1
5054,1.0,0.0,0.0,0.7647058823529412,0.7796610169491525,-0.34653319640820907,1.0,0,-0.7060110047730651,1.0,0
8073,0.0,0.0,0.0,0.6470588235294118,0.6355932203389831,-0.34653319640820907,1.0,0,-0.47277869241381787,1.0,0
6842,1.0,0.0,0.0,0.7647058823529412,0.7796610169491525,-0.34653319640820907,1.0,0,-0.665448863493196,1.0,0
3858,1.0,0.0,0.0,0.17647058823529405,0.14406779661016955,-0.34653319640820907,0.0,0,-0.9696649230922141,0.0,1
13377,0.0,0.0,0.0,0.8823529411764705,0.8728813559322035,-0.34653319640820907,2.0,0,-0.10771942089499609,1.0,0
10262,0.0,1.0,0.0,0.823529411764706,0.8220338983050848,-0.34653319640820907,2.0,0,0.06466967954444752,1.0,0
13568,0.0,0.0,0.0,0.17647058823529405,0.1694915254237288,-0.34653319640820907,2.0,0,0.2167777093439566,1.0,0
4107,0.0,0.0,1.0,0.7058823529411765,0.6864406779661016,-0.34653319640820907,0.0,0,-0.9595243877722469,0.0,1
3898,0.0,0.0,1.0,0.5294117647058824,0.5169491525423728,-0.34269066202582854,0.0,0,-0.9291027818123451,0.0,1
11098,0.0,0.0,0.0,0.7647058823529412,0.7796610169491525,-0.34653319640820907,2.0,0,-0.33081119793427605,1.0,0
8610,0.0,0.0,1.0,0.823529411764706,0.847457627118644,-0.34653319640820907,2.0,1,1.4742040890198982,1.0,0
5755,1.0,0.0,0.0,0.5294117647058824,0.5338983050847457,-0.34653319640820907,0.0,0,-1.0812108116118542,0.0,1
11753,0.0,0.0,0.0,0.823529411764706,0.8220338983050848,-0.34653319640820907,2.0,0,-0.24968691537453788,2.0,0
5228,0.0,0.0,0.0,0.47058823529411764,0.48305084745762716,2.6564508116515175,0.0,0,-0.9189622464923778,0.0,1
13587,0.0,0.0,0.0,0.7647058823529412,0.7372881355932204,-0.34653319640820907,2.0,0,-0.10771942089499609,1.0,0
7094,1.0,0.0,0.0,0.05882352941176472,0.0423728813559322,-0.34653319640820907,2.0,0,-0.21926530941463607,1.0,0
7894,1.0,0.0,0.0,0.05882352941176472,0.0423728813559322,-0.34653319640820907,1.0,0,-0.6553083281732287,1.0,0
5769,0.0,1.0,0.0,0.9411764705882352,0.9491525423728813,3.1921513874940493,0.0,0,-0.9088217111724105,0.0,1
7354,0.0,0.0,0.0,0.9999999999999999,0.9745762711864407,-0.34653319640820907,2.0,0,0.16607503274412025,1.0,0
10262,0.0,1.0,0.0,0.8823529411764705,0.8983050847457628,-0.34653319640820907,2.0,0,-0.006314067695323371,1.0,0
10493,0.0,0.0,0.0,0.9999999999999999,0.9745762711864407,-0.34653319640820907,2.0,1,1.95080924905836,3.0,0
6093,1.0,0.0,0.0,0.3529411764705882,0.3305084745762712,-0.34653319640820907,2.0,0,0.48043162766310565,1.0,0
8016,0.0,1.0,0.0,0.9999999999999999,0.9745762711864407,3.1921513874940493,0.0,0,-0.9088217111724105,0.0,1
4957,0.0,0.0,1.0,0.47058823529411764,0.48305084745762716,-0.34653319640820907,1.0,0,-0.665448863493196,1.0,0
12284,0.0,1.0,0.0,0.17647058823529405,0.14406779661016955,-0.34653319640820907,2.0,0,-0.10771942089499609,1.0,0
3100,0.0,0.0,0.0,0.9411764705882352,0.923728813559322,-0.34653319640820907,0.0,0,-1.111632417571756,0.0,1
10203,0.0,0.0,0.0,0.5882352941176471,0.6101694915254237,-0.34653319640820907,2.0,1,1.1395664234609784,1.0,0
13941,0.0,1.0,0.0,0.6470588235294118,0.6610169491525424,-0.34653319640820907,1.0,0,-0.5032002983737197,1.0,0
13022,0.0,0.0,0.0,0.6470588235294118,0.6355932203389831,-0.34653319640820907,2.0,1,1.9001065724585235,2.0,0
4995,0.0,1.0,0.0,0.5882352941176471,0.5847457627118644,-0.34653319640820907,0.0,0,-1.0812108116118542,0.0,1
14571,0.0,1.0,0.0,0.823529411764706,0.8220338983050848,-0.34653319640820907,2.0,1,0.8150692932220256,1.0,0
3841,0.0,0.0,1.0,0.6470588235294118,0.6610169491525424,-0.34653319640820907,0.0,0,-0.9595243877722469,0.0,1
3876,0.0,0.0,1.0,0.9999999999999999,0.9745762711864407,-0.34653319640820907,2.0,0,-0.16856263281479972,1.0,0
19225,0.0,1.0,0.0,0.05882352941176472,0.0423728813559322,-0.34653319640820907,1.0,0,-0.6451677928532614,1.0,0
27992,0.0,1.0,0.0,0.0,0.0,-0.34653319640820907,2.0,0,0.6325396574626148,1.0,0
5201,0.0,0.0,0.0,0.9411764705882352,0.923728813559322,2.6564508116515175,0.0,0,-0.9189622464923778,0.0,1
6838,1.0,0.0,0.0,0.23529411764705876,0.22033898305084743,-0.34653319640820907,2.0,0,-0.016454603015290642,1.0,0
14714,0.0,1.0,0.0,0.823529411764706,0.7966101694915255,-0.34653319640820907,2.0,1,1.4235014124200618,1.0,0
3898,0.0,0.0,1.0,0.5294117647058824,0.5338983050847457,3.1921513874940493,0.0,0,-0.9088217111724105,0.0,1
10844,0.0,1.0,0.0,0.7058823529411765,0.7118644067796611,-0.34653319640820907,2.0,0,0.3587452038234984,1.0,0
13555,0.0,1.0,0.0,0.05882352941176472,0.0423728813559322,-0.34653319640820907,2.0,1,1.575609442219571,1.0,0
7438,0.0,1.0,0.0,0.23529411764705876,0.22033898305084743,-0.34653319640820907,2.0,1,1.2511123119806182,1.0,0
12373,0.0,1.0,0.0,0.5882352941176471,0.5847457627118644,-0.34653319640820907,1.0,0,-0.5944651162534251,1.0,0
6734,1.0,0.0,0.0,0.5882352941176471,0.5847457627118644,-0.34653319640820907,2.0,0,0.642680192782582,1.0,0
7229,0.0,1.0,0.0,0.6470588235294118,0.6610169491525424,2.6564508116515175,1.0,0,-0.8986811758524432,0.0,1
15764,0.0,1.0,0.0,0.05882352941176472,0.0423728813559322,-0.34653319640820907,1.0,0,-0.6147461868933597,1.0,0
4611,0.0,0.0,1.0,0.2941176470588235,0.2796610169491526,-0.34653319640820907,1.0,0,-0.665448863493196,1.0,0
12898,0.0,1.0,0.0,0.7058823529411765,0.6864406779661016,-0.34653319640820907,2.0,0,0.642680192782582,1.0,0
4804,1.0,0.0,0.0,0.7647058823529412,0.7796610169491525,-0.34653319640820907,0.0,0,-0.9493838524522796,0.0,1
10262,0.0,1.0,0.0,0.823529411764706,0.7966101694915255,-0.34653319640820907,2.0,1,1.7479985426590146,1.0,0
4326,1.0,0.0,0.0,0.23529411764705876,0.22033898305084743,-0.34653319640820907,0.0,0,-0.9798054584121814,0.0,1
5510,0.0,0.0,0.0,0.4117647058823529,0.4067796610169492,-0.34653319640820907,0.0,0,-0.9595243877722469,0.0,1
4174,1.0,0.0,0.0,0.2941176470588235,0.2627118644067796,-0.34653319640820907,0.0,0,-0.9493838524522796,0.0,1
15129,0.0,1.0,0.0,0.7058823529411765,0.7118644067796611,-0.34653319640820907,2.0,1,1.159847494100913,2.0,0
13044,0.0,1.0,0.0,0.8823529411764705,0.8728813559322035,-0.34653319640820907,2.0,1,1.1091448175010765,1.0,0
4804,1.0,0.0,0.0,0.6470588235294118,0.6355932203389831,-0.34653319640820907,0.0,0,-0.9493838524522796,0.0,1
5177,0.0,1.0,0.0,0.2941176470588235,0.30508474576271194,-0.34653319640820907,2.0,1,1.7885606839388837,1.0,0
3597,0.0,0.0,1.0,0.823529411764706,0.7966101694915255,-0.34653319640820907,0.0,0,-0.9798054584121814,0.0,1
15554,0.0,1.0,0.0,0.6470588235294118,0.6610169491525424,-0.34653319640820907,1.0,0,-0.5843245809334578,1.0,0
5177,0.0,1.0,0.0,0.2941176470588235,0.2796610169491526,-0.34653319640820907,2.0,1,1.4843446243398655,1.0,0
15554,0.0,1.0,0.0,0.5882352941176471,0.5593220338983051,-0.34653319640820907,2.0,0,0.40944788042333474,1.0,0
7933,0.0,0.0,0.0,0.7647058823529412,0.7796610169491525,-0.34653319640820907,2.0,0,0.19649663870402206,1.0,0
15129,0.0,1.0,0.0,0.5882352941176471,0.5847457627118644,-0.34653319640820907,2.0,1,1.159847494100913,2.0,0
11087,0.0,1.0,0.0,0.11764705882352944,0.09322033898305082,-0.34653319640820907,2.0,0,0.7440855459822547,1.0,0
11822,0.0,1.0,0.0,0.3529411764705882,0.3305084745762712,-0.34653319640820907,2.0,0,0.40944788042333474,1.0,0
7832,0.0,1.0,0.0,0.17647058823529405,0.1694915254237288,-0.34653319640820907,2.0,1,1.3322365945403565,1.0,0
3807,0.0,0.0,1.0,0.8823529411764705,0.8983050847457628,-0.34653319640820907,0.0,0,-0.9595243877722469,0.0,1
10844,0.0,1.0,0.0,0.7058823529411765,0.6864406779661016,-0.34653319640820907,2.0,1,1.210550170700749,1.0,0
6982,0.0,0.0,0.0,0.11764705882352944,0.11864406779661019,-0.34653319640820907,2.0,1,1.6263121188194072,1.0,0
11762,0.0,0.0,0.0,0.05882352941176472,0.06779661016949157,-0.34653319640820907,2.0,1,2.906554702965275,2.0,0
6841,0.0,0.0,1.0,0.7647058823529412,0.7372881355932204,-0.34653319640820907,1.0,0,-0.5133408336936869,1.0,0
8016,0.0,1.0,0.0,0.9411764705882352,0.9491525423728813,3.1921513874940493,0.0,0,-0.9088217111724105,0.0,1
5678,0.0,1.0,0.0,0.0,0.016949152542372947,-0.34653319640820907,0.0,0,-1.0913513469318215,0.0,1
9134,0.0,1.0,0.0,0.11764705882352944,0.11864406779661019,-0.34653319640820907,2.0,0,-0.4524976217738833,1.0,0
5601,1.0,0.0,0.0,0.823529411764706,0.847457627118644,-0.34653319640820907,1.0,0,-0.8682595698925414,0.0,1
5176,0.0,0.0,0.0,0.17647058823529405,0.19491525423728817,-0.34269066202582854,0.0,0,-0.9291027818123451,0.0,1
10678,0.0,0.0,0.0,0.8823529411764705,0.8983050847457628,-0.34653319640820907,2.0,0,-0.33081119793427605,1.0,0
11087,0.0,1.0,0.0,0.11764705882352944,0.09322033898305082,-0.34653319640820907,2.0,1,1.6871553307392109,1.0,0
2227,1.0,0.0,0.0,0.23529411764705876,0.22033898305084743,-0.34653319640820907,0.0,0,-1.0812108116118542,0.0,1
13067,0.0,1.0,0.0,0.7058823529411765,0.6864406779661016,-0.34653319640820907,2.0,0,-0.0975788855750288,1.0,0
5228,0.0,0.0,0.0,0.8823529411764705,0.8728813559322035,2.6564508116515175,0.0,0,-0.9189622464923778,0.0,1
16079,0.0,1.0,0.0,0.7058823529411765,0.6864406779661016,-0.34653319640820907,2.0,0,-0.04687620897519246,1.0,0
10844,0.0,1.0,0.0,0.823529411764706,0.847457627118644,-0.34653319640820907,2.0,0,-0.4524976217738833,1.0,0
5406,0.0,1.0,0.0,0.2941176470588235,0.2627118644067796,-0.34653319640820907,2.0,1,1.7479985426590146,1.0,0
10844,0.0,1.0,0.0,0.823529411764706,0.8220338983050848,-0.34653319640820907,2.0,1,1.9710903196982945,1.0,0
3858,1.0,0.0,0.0,0.6470588235294118,0.6610169491525424,-0.34653319640820907,0.0,0,-0.9798054584121814,0.0,1
4544,0.0,1.0,0.0,0.47058823529411764,0.48305084745762716,2.6564508116515175,1.0,0,-0.8986811758524432,0.0,1
10844,0.0,1.0,0.0,0.7058823529411765,0.6864406779661016,-0.34653319640820907,2.0,1,1.8291228252187528,1.0,0
5755,1.0,0.0,0.0,0.0,0.016949152542372947,-0.34653319640820907,0.0,0,-1.0812108116118542,0.0,1
10844,0.0,1.0,0.0,0.6470588235294118,0.6610169491525424,-0.34653319640820907,2.0,1,1.1091448175010765,1.0,0
8662,0.0,0.0,1.0,0.5882352941176471,0.5593220338983051,-0.34653319640820907,2.0,0,0.49057216298307293,1.0,0
4148,0.0,0.0,1.0,0.17647058823529405,0.1694915254237288,-0.34653319640820907,0.0,0,-0.9595243877722469,0.0,1
4049,1.0,0.0,0.0,0.17647058823529405,0.1694915254237288,-0.34653319640820907,0.0,0,-1.0913513469318215,0.0,1
14388,0.0,1.0,0.0,0.5882352941176471,0.6101694915254237,-0.34653319640820907,2.0,0,-0.07729781493509427,1.0,0
11546,0.0,1.0,0.0,0.3529411764705882,0.3305084745762712,-0.34653319640820907,2.0,1,1.0483016055812728,2.0,0
4957,0.0,0.0,1.0,0.2941176470588235,0.2627118644067796,-0.34653319640820907,1.0,0,-0.665448863493196,1.0,0
13882,0.0,1.0,0.0,0.8823529411764705,0.8728813559322035,-0.34653319640820907,2.0,1,1.7581390779789818,2.0,0
6015,1.0,0.0,0.0,0.6470588235294118,0.6610169491525424,-0.34653319640820907,1.0,0,-0.8682595698925414,0.0,1
5583,0.0,0.0,1.0,0.823529411764706,0.8220338983050848,-0.34653319640820907,1.0,0,-0.4930597630537524,1.0,0
4668,0.0,0.0,1.0,0.5294117647058824,0.5169491525423728,2.6564508116515175,0.0,0,-0.9189622464923778,0.0,1
15129,0.0,1.0,0.0,0.7647058823529412,0.7372881355932204,-0.34653319640820907,2.0,1,2.0116524609781634,2.0,0
4804,1.0,0.0,0.0,0.47058823529411764,0.4576271186440678,-0.34653319640820907,0.0,0,-0.9595243877722469,0.0,1
13378,0.0,0.0,0.0,0.17647058823529405,0.1694915254237288,-0.34653319640820907,2.0,0,0.1052318208243166,1.0,0
7408,0.0,0.0,0.0,0.823529411764706,0.8220338983050848,-0.34653319640820907,2.0,0,0.4398694863832366,1.0,0
4804,1.0,0.0,0.0,0.8823529411764705,0.8728813559322035,-0.34653319640820907,0.0,0,-0.9493838524522796,0.0,1
11200,0.0,0.0,0.0,0.8823529411764705,0.8983050847457628,-0.34653319640820907,2.0,0,0.013967002944611171,1.0,0
5198,0.0,1.0,0.0,0.3529411764705882,0.35593220338983056,2.6564508116515175,1.0,0,-0.8986811758524432,0.0,1
3841,0.0,0.0,1.0,0.7058823529411765,0.6864406779661016,-0.34653319640820907,0.0,0,-0.9595243877722469,0.0,1
7048,1.0,0.0,0.0,0.23529411764705876,0.22033898305084743,-0.34653319640820907,2.0,0,-0.21926530941463607,1.0,0
7989,0.0,1.0,0.0,0.7647058823529412,0.7372881355932204,-0.34653319640820907,1.0,0,-0.8682595698925414,0.0,1
7574,0.0,0.0,0.0,0.23529411764705876,0.22033898305084743,-0.34653319640820907,2.0,0,0.5007126983030402,1.0,0
7618,0.0,0.0,0.0,0.9999999999999999,0.9745762711864407,-0.34653319640820907,2.0,0,0.4398694863832366,1.0,0
14298,0.0,0.0,0.0,0.5882352941176471,0.5593220338983051,-0.34653319640820907,2.0,1,1.656733724779309,2.0,0
13587,0.0,0.0,0.0,0.823529411764706,0.847457627118644,-0.34653319640820907,2.0,0,-0.41193548049401424,1.0,0
9941,0.0,0.0,0.0,0.7058823529411765,0.7118644067796611,-0.34653319640820907,2.0,0,-0.06715727961512699,2.0,0
8839,0.0,0.0,0.0,0.5294117647058824,0.5169491525423728,-0.34653319640820907,2.0,0,0.7035234047023856,2.0,0
14231,0.0,1.0,0.0,0.17647058823529405,0.19491525423728817,-0.34653319640820907,2.0,1,1.5857499775395383,1.0,0
13817,0.0,1.0,0.0,0.11764705882352944,0.09322033898305082,-0.34653319640820907,2.0,0,0.2471993153038584,1.0,0
16079,0.0,1.0,0.0,0.7058823529411765,0.6864406779661016,-0.34653319640820907,2.0,0,-0.3510922685742106,1.0,0
13067,0.0,1.0,0.0,0.5882352941176471,0.5847457627118644,-0.34653319640820907,2.0,1,2.0420740669380653,1.0,0
6144,0.0,1.0,0.0,0.4117647058823529,0.43220338983050854,2.6564508116515175,1.0,0,-0.8986811758524432,0.0,1
10844,0.0,1.0,0.0,0.823529411764706,0.8220338983050848,-0.34653319640820907,2.0,1,1.210550170700749,1.0,0
8355,0.0,1.0,0.0,0.823529411764706,0.847457627118644,-0.34653319640820907,2.0,0,-0.3815138745341124,1.0,0
14781,0.0,1.0,0.0,0.6470588235294118,0.6610169491525424,-0.34653319640820907,2.0,0,-0.22940584473460335,1.0,0
10844,0.0,1.0,0.0,0.7058823529411765,0.6864406779661016,-0.34653319640820907,2.0,0,0.683242334062451,1.0,0
13307,0.0,0.0,0.0,0.6470588235294118,0.6355932203389831,-0.34653319640820907,2.0,1,1.7175769366991127,2.0,0
5228,0.0,0.0,0.0,0.5882352941176471,0.5847457627118644,-0.34269066202582854,0.0,0,-0.9291027818123451,0.0,1
8026,0.0,0.0,0.0,0.23529411764705876,0.22033898305084743,-0.34653319640820907,2.0,1,2.906554702965275,2.0,0
7038,0.0,0.0,0.0,0.7647058823529412,0.7372881355932204,-0.34653319640820907,2.0,0,-0.3409517332542433,1.0,0
14960,0.0,0.0,0.0,0.6470588235294118,0.6355932203389831,-0.34653319640820907,2.0,1,1.1395664234609784,2.0,0
10919,0.0,1.0,0.0,0.7647058823529412,0.7796610169491525,-0.34653319640820907,2.0,1,1.4133608771000945,2.0,0
16079,0.0,1.0,0.0,0.823529411764706,0.7966101694915255,-0.34653319640820907,1.0,0,-0.4626381570938506,1.0,0
7480,0.0,0.0,0.0,0.7647058823529412,0.7796610169491525,-0.34653319640820907,2.0,1,1.28153391794052,1.0,0
4995,0.0,1.0,0.0,0.6470588235294118,0.6355932203389831,-0.34653319640820907,0.0,0,-1.0812108116118542,0.0,1
13912,0.0,0.0,0.0,0.05882352941176472,0.0423728813559322,-0.34653319640820907,1.0,0,-0.5944651162534251,1.0,0
10368,0.0,1.0,0.0,0.7647058823529412,0.7796610169491525,-0.34653319640820907,2.0,0,0.37902627446343296,2.0,0
4423,0.0,0.0,1.0,0.4117647058823529,0.3813559322033898,2.6564508116515175,0.0,0,-0.9189622464923778,0.0,1
9190,0.0,0.0,0.0,0.05882352941176472,0.0423728813559322,-0.34653319640820907,2.0,1,1.9406687137383927,2.0,0
3858,1.0,0.0,0.0,0.9999999999999999,1.0,-0.34653319640820907,0.0,0,-0.9696649230922141,0.0,1
8066,0.0,1.0,0.0,0.5882352941176471,0.5847457627118644,-0.34653319640820907,2.0,1,0.9164746464216983,1.0,0
10877,0.0,0.0,0.0,0.8823529411764705,0.8983050847457628,-0.34653319640820907,2.0,0,0.13565342678421843,1.0,0
8330,1.0,0.0,0.0,0.5882352941176471,0.5847457627118644,-0.34653319640820907,2.0,0,0.4500100217032038,1.0,0
14714,0.0,1.0,0.0,0.823529411764706,0.8220338983050848,-0.34653319640820907,1.0,0,-0.4626381570938506,1.0,0
5406,0.0,1.0,0.0,0.2941176470588235,0.2627118644067796,-0.34653319640820907,2.0,1,2.0927767435379017,1.0,0
4784,1.0,0.0,0.0,0.05882352941176472,0.06779661016949157,-0.34653319640820907,0.0,0,-1.0812108116118542,0.0,1
7303,1.0,0.0,0.0,0.0,0.016949152542372947,3.1921513874940493,0.0,0,-0.9088217111724105,0.0,1
4392,1.0,0.0,0.0,0.23529411764705876,0.22033898305084743,-0.34653319640820907,0.0,0,-1.0812108116118542,0.0,1
11982,0.0,0.0,1.0,0.5882352941176471,0.6101694915254237,-0.34653319640820907,0.0,0,-0.9798054584121814,0.0,1
14571,0.0,1.0,0.0,0.823529411764706,0.8220338983050848,-0.34653319640820907,2.0,0,0.3587452038234984,1.0,0
7354,0.0,0.0,0.0,0.823529411764706,0.8220338983050848,-0.34653319640820907,2.0,0,0.16607503274412025,1.0,0
7646,0.0,0.0,1.0,0.2941176470588235,0.2627118644067796,-0.34653319640820907,1.0,0,-0.5944651162534251,1.0,0
24115,0.0,1.0,0.0,0.05882352941176472,0.0423728813559322,-0.34653319640820907,2.0,1,1.9609497843783272,2.0,0
5883,1.0,0.0,0.0,0.8823529411764705,0.8728813559322035,-0.34653319640820907,2.0,0,0.5514153749028765,1.0,0
3943,1.0,0.0,0.0,0.823529411764706,0.8220338983050848,2.6564508116515175,0.0,0,-0.9189622464923778,0.0,1
19495,0.0,0.0,1.0,0.05882352941176472,0.0423728813559322,-0.34653319640820907,1.0,0,-0.6350272575332941,1.0,0
12935,0.0,0.0,0.0,0.17647058823529405,0.14406779661016955,-0.34653319640820907,2.0,0,-0.0975788855750288,2.0,0
17345,0.0,0.0,0.0,0.0,0.0,-0.34653319640820907,2.0,0,0.5716964455428111,2.0,0
7851,0.0,1.0,0.0,0.2941176470588235,0.2627118644067796,-0.34653319640820907,2.0,0,-0.30038959197437426,1.0,0
5069,1.0,0.0,0.0,0.5882352941176471,0.5593220338983051,-0.34653319640820907,1.0,0,-0.6755893988131633,1.0,0
6327,0.0,0.0,0.0,0.6470588235294118,0.6610169491525424,-0.34653319640820907,2.0,0,0.6933828693824183,1.0,0
4647,0.0,0.0,0.0,0.3529411764705882,0.3305084745762712,-0.34653319640820907,2.0,0,0.6933828693824183,1.0,0
6827,1.0,0.0,0.0,0.23529411764705876,0.22033898305084743,-0.34653319640820907,1.0,0,-0.6553083281732287,1.0,0
6304,0.0,0.0,0.0,0.5882352941176471,0.6101694915254237,-0.34269066202582854,1.0,0,-0.888540640532476,0.0,1
10262,0.0,1.0,0.0,0.823529411764706,0.847457627118644,-0.34653319640820907,2.0,1,1.6060310481794728,1.0,0
13882,0.0,1.0,0.0,0.823529411764706,0.847457627118644,-0.34653319640820907,2.0,1,2.0420740669380653,2.0,0
10877,0.0,0.0,0.0,0.3529411764705882,0.3305084745762712,-0.34653319640820907,2.0,0,0.013967002944611171,1.0,0
3898,0.0,0.0,1.0,0.47058823529411764,0.48305084745762716,-0.34269066202582854,0.0,0,-0.9291027818123451,0.0,1
10262,0.0,1.0,0.0,0.823529411764706,0.7966101694915255,-0.34653319640820907,2.0,1,2.0927767435379017,1.0,0
6513,0.0,0.0,0.0,0.6470588235294118,0.6355932203389831,-0.34653319640820907,2.0,0,-0.3409517332542433,1.0,0
6016,1.0,0.0,0.0,0.9999999999999999,0.9745762711864407,-0.34653319640820907,1.0,0,-0.5640435102935233,1.0,0
11444,0.0,0.0,0.0,0.0,0.016949152542372947,-0.34653319640820907,2.0,0,0.15593449742415297,1.0,0
14714,0.0,1.0,0.0,0.823529411764706,0.8220338983050848,-0.34653319640820907,2.0,1,1.6263121188194072,1.0,0
6496,1.0,0.0,0.0,0.9999999999999999,0.9745762711864407,-0.34653319640820907,1.0,0,-0.665448863493196,1.0,0
7303,1.0,0.0,0.0,0.17647058823529405,0.19491525423728817,3.1921513874940493,0.0,0,-0.9088217111724105,0.0,1
2437,0.0,0.0,1.0,0.17647058823529405,0.14406779661016955,-0.34653319640820907,0.0,0,-1.1014918822517887,0.0,1
10151,0.0,0.0,0.0,0.7058823529411765,0.6864406779661016,-0.34653319640820907,2.0,0,-0.06715727961512699,2.0,0
8085,0.0,0.0,1.0,0.8823529411764705,0.8728813559322035,-0.34653319640820907,2.0,1,1.656733724779309,1.0,0
6144,1.0,0.0,0.0,0.17647058823529405,0.19491525423728817,3.1921513874940493,0.0,0,-0.9088217111724105,0.0,1
6117,0.0,0.0,0.0,0.6470588235294118,0.6355932203389831,-0.34653319640820907,2.0,1,1.8899660371385563,2.0,0
4823,1.0,0.0,0.0,0.2941176470588235,0.2796610169491526,2.6564508116515175,1.0,0,-0.8986811758524432,0.0,1
8855,0.0,0.0,1.0,0.5882352941176471,0.6101694915254237,-0.34653319640820907,2.0,0,-0.3409517332542433,1.0,0
13587,0.0,0.0,0.0,0.8823529411764705,0.8728813559322035,-0.34653319640820907,2.0,0,-0.10771942089499609,1.0,0
15129,0.0,1.0,0.0,0.5294117647058824,0.5169491525423728,-0.34653319640820907,2.0,1,2.0116524609781634,2.0,0
10262,0.0,1.0,0.0,0.9999999999999999,1.0,-0.34653319640820907,2.0,1,1.6060310481794728,1.0,0
11753,0.0,0.0,0.0,0.823529411764706,0.8220338983050848,-0.34653319640820907,2.0,1,1.2612528473005855,2.0,0
11911,0.0,0.0,0.0,0.823529411764706,0.7966101694915255,-0.34653319640820907,2.0,1,0.9671773230215347,2.0,0
4544,0.0,1.0,0.0,0.5882352941176471,0.5847457627118644,3.1921513874940493,0.0,0,-0.9088217111724105,0.0,1
3971,0.0,0.0,1.0,0.2941176470588235,0.2796610169491526,3.1921513874940493,0.0,0,-0.9088217111724105,0.0,1
13731,0.0,1.0,0.0,0.823529411764706,0.847457627118644,-0.34653319640820907,2.0,0,0.2167777093439566,1.0,0
3597,1.0,0.0,0.0,0.7647058823529412,0.7796610169491525,-0.34653319640820907,0.0,0,-0.9798054584121814,0.0,1
14815,0.0,1.0,0.0,0.05882352941176472,0.0423728813559322,-0.34653319640820907,2.0,1,0.9468962523816001,1.0,0
4842,0.0,0.0,1.0,0.17647058823529405,0.19491525423728817,-0.34653319640820907,0.0,0,-0.9899459937321486,0.0,1
22270,0.0,1.0,0.0,0.0,0.0,-0.34653319640820907,2.0,0,-0.2699679860144724,1.0,0
4483,0.0,0.0,1.0,0.5882352941176471,0.6101694915254237,2.6564508116515175,0.0,0,-0.9189622464923778,0.0,1
18485,0.0,0.0,0.0,0.7647058823529412,0.7796610169491525,-0.34653319640820907,2.0,0,-0.33081119793427605,2.0,0
4437,1.0,0.0,0.0,0.17647058823529405,0.14406779661016955,-0.34653319640820907,1.0,0,-0.7364326107329668,1.0,0
7064,0.0,1.0,0.0,0.2941176470588235,0.2627118644067796,-0.34653319640820907,2.0,1,1.9710903196982945,1.0,0
12681,0.0,1.0,0.0,0.2941176470588235,0.2627118644067796,-0.34653319640820907,2.0,1,1.4437824830599963,1.0,0
8777,0.0,0.0,1.0,0.5882352941176471,0.5847457627118644,-0.34653319640820907,2.0,0,-0.3409517332542433,1.0,0
4049,1.0,0.0,0.0,0.5294117647058824,0.5338983050847457,-0.34653319640820907,0.0,0,-1.0812108116118542,0.0,1
5521,0.0,0.0,0.0,0.11764705882352944,0.11864406779661019,-0.34653319640820907,2.0,1,1.72771747201908,1.0,0
4409,0.0,0.0,1.0,0.5294117647058824,0.5169491525423728,-0.34653319640820907,0.0,0,-0.9595243877722469,0.0,1
10262,0.0,1.0,0.0,0.823529411764706,0.847457627118644,-0.34653319640820907,2.0,1,1.311955523900422,1.0,0
6733,0.0,0.0,0.0,0.7647058823529412,0.7372881355932204,-0.34653319640820907,2.0,0,0.4398694863832366,1.0,0
4409,0.0,0.0,1.0,0.47058823529411764,0.48305084745762716,-0.34653319640820907,0.0,0,-0.9595243877722469,0.0,1
8266,0.0,0.0,0.0,0.7058823529411765,0.6864406779661016,-0.34653319640820907,1.0,0,-0.4829192277337851,1.0,0
9736,0.0,0.0,0.0,0.823529411764706,0.7966101694915255,-0.34653319640820907,2.0,0,0.16607503274412025,1.0,0
6027,1.0,0.0,0.0,0.6470588235294118,0.6355932203389831,-0.34653319640820907,1.0,0,-0.6755893988131633,1.0,0
14151,0.0,1.0,0.0,0.6470588235294118,0.6610169491525424,-0.34653319640820907,2.0,1,1.5046256949798,1.0,0
12898,0.0,1.0,0.0,0.7058823529411765,0.6864406779661016,-0.34653319640820907,2.0,1,1.4843446243398655,1.0,0
4049,1.0,0.0,0.0,0.9999999999999999,0.9745762711864407,-0.34653319640820907,0.0,0,-1.0812108116118542,0.0,1
8839,0.0,0.0,0.0,0.9999999999999999,1.0,-0.34653319640820907,2.0,1,1.1902691000608145,2.0,0
6171,1.0,0.0,0.0,0.47058823529411764,0.4576271186440678,-0.34653319640820907,2.0,0,0.08495075018438207,1.0,0
3100,0.0,0.0,0.0,0.11764705882352944,0.11864406779661019,-0.34653319640820907,0.0,0,-1.111632417571756,0.0,1
6752,0.0,0.0,1.0,0.6470588235294118,0.6355932203389831,-0.34653319640820907,1.0,0,-0.5741840456134906,1.0,0
14714,0.0,1.0,0.0,0.8823529411764705,0.8983050847457628,-0.34653319640820907,2.0,0,-0.16856263281479972,1.0,0
10262,0.0,1.0,0.0,0.9999999999999999,0.9745762711864407,-0.34653319640820907,2.0,1,1.0990042821811092,1.0,0
8330,1.0,0.0,0.0,0.5882352941176471,0.5847457627118644,-0.34653319640820907,2.0,0,-0.290249056654407,1.0,0
13339,0.0,1.0,0.0,0.17647058823529405,0.19491525423728817,-0.34653319640820907,2.0,0,0.33846413318356383,1.0,0
6216,0.0,0.0,1.0,0.9411764705882352,0.9491525423728813,-0.34653318208031225,1.0,0,-0.8784001052125087,0.0,1
11467,0.0,1.0,0.0,0.5882352941176471,0.5593220338983051,-0.34653319640820907,2.0,1,1.7784201486189164,1.0,0
3597,1.0,0.0,0.0,0.823529411764706,0.847457627118644,-0.34653319640820907,0.0,0,-0.9798054584121814,0.0,1
4823,1.0,0.0,0.0,0.4117647058823529,0.3813559322033898,3.1921513874940493,0.0,0,-0.9088217111724105,0.0,1
6094,0.0,0.0,0.0,0.7647058823529412,0.7796610169491525,2.6564508116515175,0.0,0,-0.9189622464923778,0.0,1
4441,0.0,0.0,0.0,0.17647058823529405,0.19491525423728817,-0.34269066202582854,0.0,0,-0.9291027818123451,0.0,1
2754,1.0,0.0,0.0,0.2941176470588235,0.2627118644067796,-0.34653319640820907,0.0,0,-1.0812108116118542,0.0,1
11087,0.0,1.0,0.0,0.17647058823529405,0.14406779661016955,-0.34653319640820907,2.0,1,1.39307980646016,1.0,0
6723,0.0,0.0,0.0,0.823529411764706,0.847457627118644,-0.34653319640820907,2.0,0,-0.3409517332542433,1.0,0
10262,0.0,1.0,0.0,0.9999999999999999,0.9745762711864407,-0.34653319640820907,2.0,0,0.3688857391434657,1.0,0
15851,0.0,1.0,0.0,0.5882352941176471,0.5847457627118644,-0.34653319640820907,2.0,0,-0.006314067695323371,1.0,0
4878,0.0,0.0,1.0,0.6470588235294118,0.6355932203389831,-0.34269066202582854,0.0,0,-0.9291027818123451,0.0,1
12173,0.0,0.0,0.0,0.17647058823529405,0.19491525423728817,-0.34653319640820907,2.0,0,0.683242334062451,1.0,0
13555,0.0,1.0,0.0,0.17647058823529405,0.14406779661016955,-0.34653319640820907,2.0,0,0.5615559102228438,1.0,0
13587,0.0,0.0,0.0,0.7647058823529412,0.7372881355932204,-0.34653319640820907,2.0,0,-0.290249056654407,1.0,0
13044,0.0,1.0,0.0,0.8823529411764705,0.8728813559322035,-0.34653319640820907,2.0,1,0.8150692932220256,1.0,0
7664,0.0,0.0,0.0,0.11764705882352944,0.11864406779661019,-0.34653319640820907,2.0,1,0.9164746464216983,2.0,0
12723,0.0,0.0,0.0,0.6470588235294118,0.6610169491525424,-0.34653319640820907,2.0,1,2.4679765503766906,2.0,0
4842,0.0,0.0,1.0,0.17647058823529405,0.14406779661016955,-0.34653319640820907,0.0,0,-0.9899459937321486,0.0,1
9718,0.0,0.0,0.0,0.823529411764706,0.7966101694915255,-0.34653319640820907,2.0,0,0.0748102148644148,1.0,0
54826,0.0,1.0,0.0,0.17647058823529405,0.14406779661016955,-0.34653319640820907,1.0,0,-0.5032002983737197,1.0,0
3873,0.0,0.0,1.0,0.6470588235294118,0.6610169491525424,-0.34653319640820907,0.0,0,-0.9798054584121814,0.0,1
13250,0.0,0.0,0.0,0.11764705882352944,0.09322033898305082,-0.34653319640820907,2.0,0,0.5108532336230075,2.0,0
13502,0.0,1.0,0.0,0.0,0.016949152542372947,-0.34653319640820907,2.0,1,1.3018149885804546,1.0,0
15554,0.0,1.0,0.0,0.6470588235294118,0.6610169491525424,-0.34653319640820907,2.0,1,1.5654689068996037,1.0,0
3419,1.0,0.0,0.0,0.9999999999999999,1.0,2.6564508116515175,0.0,0,-0.9189622464923778,0.0,1
13584,0.0,1.0,0.0,0.5882352941176471,0.5847457627118644,-0.34653319640820907,2.0,0,0.4500100217032038,1.0,0
16736,0.0,1.0,0.0,0.05882352941176472,0.0423728813559322,-0.34653319640820907,2.0,1,0.8556314345018947,1.0,0
13759,0.0,1.0,0.0,0.17647058823529405,0.19491525423728817,-0.34653319640820907,2.0,1,1.6465931894593417,1.0,0
10262,0.0,1.0,0.0,0.9999999999999999,1.0,-0.34653319640820907,2.0,0,0.18635610338405478,1.0,0
6349,1.0,0.0,0.0,0.5294117647058824,0.5169491525423728,-0.34653319640820907,1.0,0,-0.5640435102935233,1.0,0
4667,0.0,0.0,0.0,0.6470588235294118,0.6355932203389831,-0.34653319640820907,0.0,0,-0.9899459937321486,0.0,1
7832,0.0,1.0,0.0,0.17647058823529405,0.1694915254237288,-0.34653319640820907,2.0,1,0.8759125051418292,1.0,0
3873,0.0,0.0,1.0,0.9999999999999999,1.0,-0.34653319640820907,0.0,0,-0.9696649230922141,0.0,1
11841,0.0,1.0,0.0,0.5882352941176471,0.5593220338983051,-0.34653319640820907,2.0,0,-0.10771942089499609,1.0,0
14151,0.0,1.0,0.0,0.7058823529411765,0.7118644067796611,-0.34653319640820907,2.0,1,1.3626582005002583,1.0,0
4049,1.0,0.0,0.0,0.823529411764706,0.8220338983050848,-0.34653319640820907,0.0,0,-1.0812108116118542,0.0,1
13727,0.0,0.0,0.0,0.6470588235294118,0.6610169491525424,-0.34653319640820907,2.0,0,0.4398694863832366,1.0,0
6482,0.0,0.0,0.0,0.17647058823529405,0.1694915254237288,-0.34653319640820907,2.0,1,1.28153391794052,1.0,0
3384,0.0,0.0,1.0,0.23529411764705876,0.22033898305084743,-0.34653319640820907,0.0,0,-0.9493838524522796,0.0,1
7001,0.0,0.0,0.0,0.5294117647058824,0.5169491525423728,-0.34653319640820907,2.0,1,1.656733724779309,1.0,0
5975,0.0,0.0,1.0,0.7058823529411765,0.6864406779661016,-0.34653319640820907,1.0,0,-0.665448863493196,1.0,0
22153,1.0,0.0,0.0,0.0,0.0,-0.34653319640820907,1.0,0,-0.6553083281732287,1.0,0
7198,0.0,0.0,0.0,0.9999999999999999,1.0,-0.34653319640820907,1.0,0,-0.47277869241381787,1.0,0
14714,0.0,1.0,0.0,0.8823529411764705,0.8728813559322035,-0.34653319640820907,2.0,0,-0.3510922685742106,1.0,0
10919,0.0,1.0,0.0,0.8823529411764705,0.8983050847457628,-0.34653319640820907,2.0,1,1.4133608771000945,2.0,0
12121,0.0,1.0,0.0,0.7058823529411765,0.7118644067796611,-0.34653319640820907,2.0,1,0.9266151817416656,1.0,0
5510,0.0,0.0,0.0,0.9999999999999999,0.9745762711864407,-0.34653319640820907,0.0,0,-0.9595243877722469,0.0,1
13374,0.0,1.0,0.0,0.823529411764706,0.8220338983050848,-0.34653319640820907,2.0,0,-0.3510922685742106,1.0,0
3543,0.0,0.0,1.0,0.9411764705882352,0.9491525423728813,-0.34653319640820907,0.0,0,-0.9798054584121814,0.0,1
10844,0.0,1.0,0.0,0.823529411764706,0.847457627118644,-0.34653319640820907,1.0,0,-0.5640435102935233,1.0,0
6600,1.0,0.0,0.0,0.823529411764706,0.847457627118644,-0.34653319640820907,2.0,0,0.08495075018438207,1.0,0
4319,0.0,0.0,1.0,0.5882352941176471,0.6101694915254237,2.6564508116515175,0.0,0,-0.9189622464923778,0.0,1
17471,0.0,1.0,0.0,0.05882352941176472,0.0423728813559322,-0.34653319640820907,2.0,1,1.6465931894593417,1.0,0
11319,1.0,0.0,0.0,0.5882352941176471,0.5593220338983051,-0.34653319640820907,1.0,0,-0.665448863493196,1.0,0
5177,0.0,1.0,0.0,0.2941176470588235,0.30508474576271194,-0.34653319640820907,2.0,0,0.40944788042333474,1.0,0
14424,0.0,0.0,0.0,0.5882352941176471,0.5847457627118644,-0.34653319640820907,2.0,1,1.0990042821811092,2.0,0
12898,0.0,1.0,0.0,0.7647058823529412,0.7372881355932204,-0.34653319640820907,1.0,0,-0.5843245809334578,1.0,0
13033,0.0,0.0,0.0,0.5882352941176471,0.5847457627118644,-0.34653319640820907,2.0,0,0.6021180515027129,2.0,0
3943,1.0,0.0,0.0,0.9411764705882352,0.923728813559322,2.6564508116515175,0.0,0,-0.9189622464923778,0.0,1
9417,0.0,0.0,0.0,0.8823529411764705,0.8728813559322035,-0.34653319640820907,2.0,0,0.7035234047023856,2.0,0
10703,0.0,1.0,0.0,0.6470588235294118,0.6355932203389831,-0.34653319640820907,2.0,0,0.13565342678421843,1.0,0
4823,1.0,0.0,0.0,0.2941176470588235,0.30508474576271194,2.6564508116515175,0.0,0,-0.9189622464923778,0.0,1
9001,0.0,0.0,0.0,0.9999999999999999,0.9745762711864407,-0.34653319640820907,2.0,0,0.16607503274412025,1.0,0
8977,0.0,0.0,1.0,0.2941176470588235,0.2627118644067796,-0.34653319640820907,1.0,0,-0.5437624396535887,1.0,0
12719,0.0,1.0,0.0,0.17647058823529405,0.1694915254237288,-0.34653319640820907,2.0,1,1.920387643098458,1.0,0
12192,0.0,0.0,0.0,0.823529411764706,0.8220338983050848,-0.34653319640820907,2.0,0,-0.04687620897519246,1.0,0
6794,1.0,0.0,0.0,0.7058823529411765,0.6864406779661016,-0.34653319640820907,2.0,0,-0.290249056654407,1.0,0
7222,0.0,0.0,1.0,0.0,0.016949152542372947,3.1921513874940493,0.0,0,-0.9088217111724105,0.0,1
10844,0.0,1.0,0.0,0.7058823529411765,0.7118644067796611,-0.34653319640820907,2.0,0,0.12551289146425115,1.0,0
5351,0.0,0.0,1.0,0.3529411764705882,0.3305084745762712,-0.34653319640820907,1.0,0,-0.6248867222133269,1.0,0
7155,0.0,0.0,0.0,0.9999999999999999,0.9745762711864407,-0.34653319640820907,2.0,0,-0.20912477409466879,1.0,0
10262,0.0,1.0,0.0,0.823529411764706,0.847457627118644,-0.34653319640820907,1.0,0,-0.5843245809334578,1.0,0
4864,1.0,0.0,0.0,0.8823529411764705,0.8728813559322035,-0.34653319640820907,1.0,0,-0.5944651162534251,1.0,0
3419,1.0,0.0,0.0,0.2941176470588235,0.2796610169491526,-0.34269066202582854,0.0,0,-0.9291027818123451,0.0,1
11789,0.0,0.0,0.0,0.8823529411764705,0.8728813559322035,-0.34653319640820907,2.0,0,-0.20912477409466879,1.0,0
7229,0.0,1.0,0.0,0.7058823529411765,0.6864406779661016,2.6564508116515175,1.0,0,-0.8986811758524432,0.0,1
10197,0.0,0.0,0.0,0.5882352941176471,0.5847457627118644,-0.34653319640820907,2.0,0,0.19649663870402206,1.0,0
3100,0.0,0.0,0.0,0.823529411764706,0.847457627118644,-0.34653319640820907,0.0,0,-1.0913513469318215,0.0,1
6860,1.0,0.0,0.0,0.05882352941176472,0.06779661016949157,3.1921513874940493,0.0,0,-0.9088217111724105,0.0,1
7888,0.0,0.0,0.0,0.7058823529411765,0.6864406779661016,-0.34653319640820907,2.0,0,0.2573398506238257,1.0,0
2754,1.0,0.0,0.0,0.5882352941176471,0.6101694915254237,-0.34653319640820907,0.0,0,-1.0812108116118542,0.0,1
11467,0.0,1.0,0.0,0.5294117647058824,0.5169491525423728,-0.34653319640820907,2.0,1,1.6770147954192436,1.0,0
3597,1.0,0.0,0.0,0.9411764705882352,0.923728813559322,-0.34653319640820907,0.0,0,-0.9798054584121814,0.0,1
15965,0.0,0.0,0.0,0.823529411764706,0.8220338983050848,-0.34653319640820907,2.0,0,0.0038264676246439,2.0,0
3943,1.0,0.0,0.0,0.5882352941176471,0.6101694915254237,3.1921513874940493,0.0,0,-0.9088217111724105,0.0,1
10031,0.0,1.0,0.0,0.17647058823529405,0.19491525423728817,-0.34653319640820907,2.0,1,2.0927767435379017,1.0,0
8728,0.0,1.0,0.0,0.17647058823529405,0.1694915254237288,-0.34653319640820907,2.0,1,2.255025308657378,2.0,0
12192,0.0,0.0,0.0,0.9999999999999999,0.9745762711864407,-0.34653319640820907,2.0,0,0.5818369808627784,1.0,0
15809,0.0,0.0,0.0,0.05882352941176472,0.0423728813559322,-0.34653319640820907,2.0,0,0.22691824466392388,1.0,0
11297,0.0,1.0,0.0,0.11764705882352944,0.09322033898305082,-0.34653319640820907,2.0,0,-0.14828156217486516,1.0,0
5192,0.0,0.0,1.0,0.5882352941176471,0.5847457627118644,-0.34653319640820907,2.0,0,0.6731017987424838,1.0,0
8016,0.0,1.0,0.0,0.8823529411764705,0.8983050847457628,-0.34269066202582854,1.0,0,-0.888540640532476,0.0,1
6643,0.0,0.0,1.0,0.7058823529411765,0.7118644067796611,-0.34653319640820907,2.0,0,-0.20912477409466879,1.0,0
12373,0.0,1.0,0.0,0.6470588235294118,0.6610169491525424,-0.34653319640820907,1.0,0,-0.5944651162534251,1.0,0
4465,0.0,0.0,1.0,0.17647058823529405,0.14406779661016955,-0.34653318208031225,0.0,0,-0.9392433171323123,0.0,1
13616,0.0,0.0,0.0,0.6470588235294118,0.6610169491525424,-0.34653319640820907,2.0,1,2.6200845801762,2.0,0
7171,0.0,0.0,0.0,0.9411764705882352,0.9491525423728813,-0.34269066202582854,0.0,0,-0.9291027818123451,0.0,1
6015,1.0,0.0,0.0,0.4117647058823529,0.3813559322033898,-0.34653319640820907,1.0,0,-0.8682595698925414,0.0,1
4239,0.0,0.0,1.0,0.2941176470588235,0.2796610169491526,-0.34269066202582854,0.0,0,-0.9291027818123451,0.0,1
4804,1.0,0.0,0.0,0.8823529411764705,0.8728813559322035,-0.34653319640820907,0.0,0,-0.9493838524522796,0.0,1
9663,0.0,1.0,0.0,0.5882352941176471,0.6101694915254237,-0.34653319640820907,2.0,0,0.3587452038234984,1.0,0
2754,1.0,0.0,0.0,0.9411764705882352,0.923728813559322,-0.34653319640820907,0.0,0,-1.0812108116118542,0.0,1
5221,0.0,0.0,1.0,0.4117647058823529,0.3813559322033898,-0.34653319640820907,1.0,0,-0.665448863493196,1.0,0
12351,1.0,0.0,0.0,0.05882352941176472,0.06779661016949157,-0.34653319640820907,2.0,0,0.48043162766310565,1.0,0
9134,0.0,1.0,0.0,0.11764705882352944,0.11864406779661019,-0.34653319640820907,2.0,1,1.240971776660651,1.0,0
9187,0.0,0.0,1.0,0.823529411764706,0.8220338983050848,-0.34653319640820907,2.0,1,0.8961935757817637,1.0,0
3311,0.0,0.0,1.0,0.5882352941176471,0.5593220338983051,-0.34653318208031225,0.0,0,-0.9392433171323123,0.0,1
6961,0.0,0.0,0.0,0.7647058823529412,0.7372881355932204,-0.34269066202582854,0.0,0,-0.9291027818123451,0.0,1
4804,1.0,0.0,0.0,0.9411764705882352,0.923728813559322,-0.34269066202582854,0.0,0,-0.9291027818123451,0.0,1
12373,0.0,1.0,0.0,0.6470588235294118,0.6610169491525424,-0.34653319640820907,2.0,0,-0.3510922685742106,1.0,0
10262,0.0,1.0,0.0,0.7647058823529412,0.7796610169491525,-0.34653319640820907,1.0,0,-0.5843245809334578,1.0,0
7229,0.0,1.0,0.0,0.4117647058823529,0.43220338983050854,-0.34269066202582854,1.0,0,-0.888540640532476,0.0,1
5403,0.0,0.0,1.0,0.47058823529411764,0.4576271186440678,-0.34653318208031225,0.0,0,-0.9392433171323123,0.0,1
11467,0.0,1.0,0.0,0.5294117647058824,0.5169491525423728,-0.34653319640820907,2.0,1,2.0420740669380653,1.0,0
4777,1.0,0.0,0.0,0.17647058823529405,0.1694915254237288,2.6564508116515175,0.0,0,-0.9189622464923778,0.0,1
4392,1.0,0.0,0.0,0.5882352941176471,0.5847457627118644,-0.34653319640820907,0.0,0,-1.0812108116118542,0.0,1
10493,0.0,0.0,0.0,0.823529411764706,0.847457627118644,-0.34653319640820907,2.0,1,1.8696849664986217,2.0,0
5438,0.0,0.0,0.0,0.5882352941176471,0.6101694915254237,-0.34269066202582854,0.0,0,-0.9291027818123451,0.0,1
18797,0.0,0.0,0.0,0.05882352941176472,0.0423728813559322,-0.34653319640820907,1.0,0,-0.8479784992526069,2.0,0
13941,0.0,1.0,0.0,0.5882352941176471,0.5593220338983051,-0.34653319640820907,2.0,1,1.6364526541393745,1.0,0
8488,0.0,0.0,1.0,0.05882352941176472,0.0423728813559322,-0.34653319640820907,1.0,0,-0.7161515400930324,1.0,0
13542,0.0,0.0,0.0,0.17647058823529405,0.1694915254237288,-0.34653319640820907,2.0,0,0.1457939621041857,1.0,0
14533,0.0,0.0,0.0,0.6470588235294118,0.6610169491525424,-0.34653319640820907,2.0,0,-0.016454603015290642,1.0,0
4812,0.0,0.0,1.0,0.47058823529411764,0.4576271186440678,-0.34653319640820907,1.0,0,-0.7161515400930324,1.0,0
13591,0.0,0.0,0.0,0.9999999999999999,1.0,-0.34653319640820907,2.0,1,1.9406687137383927,2.0,0
3540,1.0,0.0,0.0,0.823529411764706,0.847457627118644,-0.34653319640820907,0.0,0,-0.9696649230922141,0.0,1
8586,0.0,1.0,0.0,0.5882352941176471,0.5593220338983051,-0.34653319640820907,2.0,0,0.2167777093439566,1.0,0
5403,0.0,0.0,1.0,0.47058823529411764,0.48305084745762716,2.6564508116515175,0.0,0,-0.9189622464923778,0.0,1
4668,0.0,0.0,1.0,0.7058823529411765,0.7118644067796611,2.6564508116515175,0.0,0,-0.9189622464923778,0.0,1
7787,0.0,0.0,0.0,0.6470588235294118,0.6355932203389831,-0.34653319640820907,2.0,0,0.267480385943793,1.0,0
12242,0.0,1.0,0.0,0.23529411764705876,0.22033898305084743,-0.34653319640820907,2.0,0,0.3587452038234984,1.0,0
2754,1.0,0.0,0.0,0.9999999999999999,0.9745762711864407,-0.34653319640820907,0.0,0,-1.0812108116118542,0.0,1
2050,0.0,0.0,0.0,0.17647058823529405,0.14406779661016955,-0.34653319640820907,0.0,0,-1.1014918822517887,0.0,1
5192,0.0,0.0,1.0,0.7058823529411765,0.7118644067796611,-0.34653319640820907,2.0,0,0.1762155680640875,1.0,0
4544,0.0,1.0,0.0,0.5882352941176471,0.6101694915254237,3.1921513874940493,0.0,0,-0.9088217111724105,0.0,1
3971,0.0,0.0,1.0,0.2941176470588235,0.30508474576271194,3.1921513874940493,0.0,0,-0.9088217111724105,0.0,1
7888,0.0,0.0,0.0,0.7058823529411765,0.6864406779661016,-0.34653319640820907,2.0,0,0.4398694863832366,1.0,0
14746,0.0,0.0,0.0,0.05882352941176472,0.0423728813559322,-0.34653319640820907,2.0,1,1.129425888141011,2.0,0
15554,0.0,1.0,0.0,0.5882352941176471,0.5847457627118644,-0.34653319640820907,2.0,1,1.5654689068996037,1.0,0
3873,0.0,0.0,1.0,0.6470588235294118,0.6355932203389831,-0.34653319640820907,0.0,0,-0.9493838524522796,0.0,1
6245,0.0,0.0,0.0,0.5294117647058824,0.5169491525423728,-0.34653319640820907,0.0,0,-0.9595243877722469,0.0,1
5674,0.0,0.0,0.0,0.17647058823529405,0.1694915254237288,2.6564508116515175,1.0,0,-0.8986811758524432,0.0,1
5403,0.0,0.0,1.0,0.3529411764705882,0.3305084745762712,2.6564508116515175,0.0,0,-0.9189622464923778,0.0,1
8479,0.0,0.0,1.0,0.5882352941176471,0.5847457627118644,-0.34653319640820907,2.0,0,-0.3815138745341124,1.0,0
6297,1.0,0.0,0.0,0.11764705882352944,0.09322033898305082,-0.34653319640820907,0.0,0,-0.9798054584121814,0.0,1
5192,0.0,0.0,1.0,0.8823529411764705,0.8728813559322035,-0.34653319640820907,2.0,0,0.1762155680640875,1.0,0
7670,0.0,0.0,0.0,0.6470588235294118,0.6355932203389831,-0.34653319640820907,2.0,0,0.2776209212637602,1.0,0
4409,0.0,0.0,1.0,0.4117647058823529,0.3813559322033898,-0.34653319640820907,0.0,0,-0.9595243877722469,0.0,1
9359,0.0,0.0,0.0,0.8823529411764705,0.8983050847457628,-0.34653319640820907,2.0,0,-0.04687620897519246,1.0,0
4939,0.0,0.0,0.0,0.11764705882352944,0.11864406779661019,-0.34269066202582854,1.0,0,-0.888540640532476,0.0,1
12409,0.0,0.0,0.0,0.6470588235294118,0.6610169491525424,-0.34653319640820907,2.0,1,1.9001065724585235,2.0,0
5069,1.0,0.0,0.0,0.823529411764706,0.847457627118644,-0.34653319640820907,1.0,0,-0.6755893988131633,1.0,0
4591,1.0,0.0,0.0,0.5294117647058824,0.5169491525423728,2.6564508116515175,0.0,0,-0.9189622464923778,0.0,1
8586,0.0,1.0,0.0,0.6470588235294118,0.6610169491525424,-0.34653319640820907,2.0,0,0.30804252722366204,1.0,0
3841,0.0,0.0,1.0,0.2941176470588235,0.30508474576271194,-0.34653319640820907,0.0,0,-0.9696649230922141,0.0,1
15129,0.0,1.0,0.0,0.6470588235294118,0.6610169491525424,-0.34653319640820907,2.0,1,2.3361495912171164,2.0,0
11667,0.0,0.0,0.0,0.17647058823529405,0.1694915254237288,-0.34653319640820907,2.0,0,0.054529144224480255,1.0,0
9646,0.0,0.0,0.0,0.823529411764706,0.8220338983050848,-0.34653319640820907,2.0,0,0.2877614565837275,1.0,0
5769,0.0,1.0,0.0,0.9411764705882352,0.923728813559322,3.1921513874940493,0.0,0,-0.9088217111724105,0.0,1
6442,1.0,0.0,0.0,0.9999999999999999,0.9745762711864407,-0.34653319640820907,2.0,0,-0.12800049153493062,1.0,0
3873,0.0,0.0,1.0,0.2941176470588235,0.2796610169491526,-0.34653319640820907,0.0,0,-0.9798054584121814,0.0,1
2753,0.0,0.0,1.0,0.8823529411764705,0.8728813559322035,-0.34653319640820907,0.0,0,-1.0812108116118542,0.0,1
4778,1.0,0.0,0.0,0.17647058823529405,0.19491525423728817,2.6564508116515175,0.0,0,-0.9189622464923778,0.0,1
5830,0.0,0.0,1.0,0.4117647058823529,0.3813559322033898,-0.34653319640820907,1.0,0,-0.7161515400930324,1.0,0
8576,0.0,0.0,0.0,0.6470588235294118,0.6610169491525424,-0.34653319640820907,2.0,0,-0.15842209749483244,1.0,0
10844,0.0,1.0,0.0,0.6470588235294118,0.6355932203389831,-0.34653319640820907,2.0,1,0.8150692932220256,1.0,0
9663,0.0,1.0,0.0,0.6470588235294118,0.6610169491525424,-0.34653319640820907,2.0,0,0.2167777093439566,1.0,0
9275,0.0,0.0,0.0,0.6470588235294118,0.6610169491525424,-0.34653319640820907,2.0,0,0.0748102148644148,1.0,0
16079,0.0,1.0,0.0,0.7058823529411765,0.6864406779661016,-0.34653319640820907,2.0,1,1.4235014124200618,1.0,0
4174,0.0,0.0,1.0,0.5294117647058824,0.5169491525423728,-0.34653319640820907,0.0,0,-0.9595243877722469,0.0,1
12819,0.0,1.0,0.0,0.9999999999999999,1.0,-0.34653319640820907,2.0,1,0.8556314345018947,2.0,0
26890,0.0,1.0,0.0,0.0,0.0,-0.34653319640820907,2.0,0,-0.3815138745341124,1.0,0
9663,0.0,1.0,0.0,0.6470588235294118,0.6355932203389831,-0.34653319640820907,2.0,0,0.49057216298307293,1.0,0
4823,1.0,0.0,0.0,0.823529411764706,0.7966101694915255,2.6564508116515175,0.0,0,-0.9189622464923778,0.0,1
9663,0.0,1.0,0.0,0.5882352941176471,0.6101694915254237,-0.34653319640820907,2.0,0,0.3587452038234984,1.0,0
